Product Name,Product Link,Price,Rating,Summary Sentiment,Sentiment Score
"Organic Lemon Balm Herb 4 oz. (113g), USDA Certified Organic Lemon Balm Dried Loose Leaf Tea, Melissa Officinalis, Melisa Tea, Te De Toronjil, Cut & Sifted",https://www.amazon.com/sspa/click?ie=UTF8&spc=MToxNDM1MDI3NDQ4ODUwMjM0OjE3MjcxMTAxMjg6c3BfYXRmOjIwMDEwMzg5NjUxNzY5ODo6MDo6&url=%2FOrganic-Certified-Melissa-Officinalis-Toronjil%2Fdp%2FB0BGJQ2RKV%2Fref%3Dsr_1_1_sspa%3Fdib%3DeyJ2IjoiMSJ9.OEzgl3EE7ev9AUKnlzwzKJFQ0d5Vtjg3bPZ8XBBp5jCEnQhIINILUVSzy5EbvYta7RX8-KJeKmoZ5cEgSYF2__BkfFGUR33_gfm69joNAmelompafGaxBHt6JNKLK_rqElZV_6Q6-WC_yq2hJAKDnFUCRomuE1ItZgpUj0Z7YDk_fdZysf0cDg16r5WMAEeaCCdGvPOF59IAYDXm1gbrTrpGQh2rV9-GI4WSz0JFfQnKMcj1fggoP9L6gv3h8N5ONw998gfZOQL4c40vatnGxDg5-j3jwvG_Yqj-sWCVOqM.aqkzsmTCmZ7GOPpRMuS-xu5rzILLJ4jOk0SYj0Ij3Dc%26dib_tag%3Dse%26keywords%3Dherb%2Blemon%2Bbalm%26qid%3D1727110127%26sr%3D8-1-spons%26sp_csd%3Dd2lkZ2V0TmFtZT1zcF9hdGY%26psc%3D1,$13.97,4.6 out of 5 stars,Positive,0.35955714285714285
"Maxx Herb Lemon Balm Extract - Max Strength Liquid Tincture Absorbs Better Than Capsules or Tea, for Nervous System Support, & Stress Management - Alcohol Free - 4 Oz Bottle (60 Servings)",https://www.amazon.com/sspa/click?ie=UTF8&spc=MToxNDM1MDI3NDQ4ODUwMjM0OjE3MjcxMTAxMjg6c3BfYXRmOjIwMDA0Mzc3ODgwODA4MTo6MDo6&url=%2FMaxx-Herb-Lemon-Balm-Extract%2Fdp%2FB085RFX36K%2Fref%3Dsr_1_2_sspa%3Fdib%3DeyJ2IjoiMSJ9.OEzgl3EE7ev9AUKnlzwzKJFQ0d5Vtjg3bPZ8XBBp5jCEnQhIINILUVSzy5EbvYta7RX8-KJeKmoZ5cEgSYF2__BkfFGUR33_gfm69joNAmelompafGaxBHt6JNKLK_rqElZV_6Q6-WC_yq2hJAKDnFUCRomuE1ItZgpUj0Z7YDk_fdZysf0cDg16r5WMAEeaCCdGvPOF59IAYDXm1gbrTrpGQh2rV9-GI4WSz0JFfQnKMcj1fggoP9L6gv3h8N5ONw998gfZOQL4c40vatnGxDg5-j3jwvG_Yqj-sWCVOqM.aqkzsmTCmZ7GOPpRMuS-xu5rzILLJ4jOk0SYj0Ij3Dc%26dib_tag%3Dse%26keywords%3Dherb%2Blemon%2Bbalm%26qid%3D1727110127%26sr%3D8-2-spons%26sp_csd%3Dd2lkZ2V0TmFtZT1zcF9hdGY%26psc%3D1,$35.95,4.5 out of 5 stars,Positive,0.6059125000000001
"Worldwide Botanicals Organic Lemon Balm Tea - Loose Leaf Premium Herbal Tea | 100% Pure Lemon Balm Leaves | Calming Tea for Stress Relief and Good Digestion | Kosher, 6 Ounces",https://www.amazon.com/Worldwide-Botanicals-Organic-Premium-Digestion/dp/B09S7D8DR5/ref=sr_1_3?dib=eyJ2IjoiMSJ9.OEzgl3EE7ev9AUKnlzwzKJFQ0d5Vtjg3bPZ8XBBp5jCEnQhIINILUVSzy5EbvYta7RX8-KJeKmoZ5cEgSYF2__BkfFGUR33_gfm69joNAmelompafGaxBHt6JNKLK_rqElZV_6Q6-WC_yq2hJAKDnFUCRomuE1ItZgpUj0Z7YDk_fdZysf0cDg16r5WMAEeaCCdGvPOF59IAYDXm1gbrTrpGQh2rV9-GI4WSz0JFfQnKMcj1fggoP9L6gv3h8N5ONw998gfZOQL4c40vatnGxDg5-j3jwvG_Yqj-sWCVOqM.aqkzsmTCmZ7GOPpRMuS-xu5rzILLJ4jOk0SYj0Ij3Dc&dib_tag=se&keywords=herb+lemon+balm&qid=1727110127&sr=8-3,$12.99,4.5 out of 5 stars,Highly Positive,0.74625
"Frontier Co-op Organic Cut & Sifted Lemon Balm Leaf 1lb - Dried Lemon Balm Herb Lemon Balm Loose Leaf Tea Herb - Melissa Tea, Toronjil Tea",https://www.amazon.com/Lemon-Balm-Leaf-Sifted-Organic/dp/B000WR8D9Q/ref=sr_1_4?dib=eyJ2IjoiMSJ9.OEzgl3EE7ev9AUKnlzwzKJFQ0d5Vtjg3bPZ8XBBp5jCEnQhIINILUVSzy5EbvYta7RX8-KJeKmoZ5cEgSYF2__BkfFGUR33_gfm69joNAmelompafGaxBHt6JNKLK_rqElZV_6Q6-WC_yq2hJAKDnFUCRomuE1ItZgpUj0Z7YDk_fdZysf0cDg16r5WMAEeaCCdGvPOF59IAYDXm1gbrTrpGQh2rV9-GI4WSz0JFfQnKMcj1fggoP9L6gv3h8N5ONw998gfZOQL4c40vatnGxDg5-j3jwvG_Yqj-sWCVOqM.aqkzsmTCmZ7GOPpRMuS-xu5rzILLJ4jOk0SYj0Ij3Dc&dib_tag=se&keywords=herb+lemon+balm&qid=1727110127&sr=8-4,$27.14,4.7 out of 5 stars,Highly Positive,0.77215
"J Mac Botanicals Organic Lemon Balm (4 oz), Loose Leaf Tea, Dried Lemon Balm Tea, Organic herbal herbal Infusion, Lemon balm leaves, melissa officinalis tea, Certified USDA Organic",https://www.amazon.com/Botanicals-Organic-Infusion-officinalis-Certified/dp/B0BG3G1BR8/ref=sr_1_5?dib=eyJ2IjoiMSJ9.OEzgl3EE7ev9AUKnlzwzKJFQ0d5Vtjg3bPZ8XBBp5jCEnQhIINILUVSzy5EbvYta7RX8-KJeKmoZ5cEgSYF2__BkfFGUR33_gfm69joNAmelompafGaxBHt6JNKLK_rqElZV_6Q6-WC_yq2hJAKDnFUCRomuE1ItZgpUj0Z7YDk_fdZysf0cDg16r5WMAEeaCCdGvPOF59IAYDXm1gbrTrpGQh2rV9-GI4WSz0JFfQnKMcj1fggoP9L6gv3h8N5ONw998gfZOQL4c40vatnGxDg5-j3jwvG_Yqj-sWCVOqM.aqkzsmTCmZ7GOPpRMuS-xu5rzILLJ4jOk0SYj0Ij3Dc&dib_tag=se&keywords=herb+lemon+balm&qid=1727110127&sr=8-5,$11.99,4.5 out of 5 stars,Positive,0.6381875000000001
"Herb Pharm Certified Organic Lemon Balm Liquid Extract for Calming Nervous System Support, Alcohol-Free Glycerite, 4 Ounce",https://www.amazon.com/Herb-Pharm-Alcohol-Free-Glycerite-Calming/dp/B00PHVDRJI/ref=sr_1_6?dib=eyJ2IjoiMSJ9.OEzgl3EE7ev9AUKnlzwzKJFQ0d5Vtjg3bPZ8XBBp5jCEnQhIINILUVSzy5EbvYta7RX8-KJeKmoZ5cEgSYF2__BkfFGUR33_gfm69joNAmelompafGaxBHt6JNKLK_rqElZV_6Q6-WC_yq2hJAKDnFUCRomuE1ItZgpUj0Z7YDk_fdZysf0cDg16r5WMAEeaCCdGvPOF59IAYDXm1gbrTrpGQh2rV9-GI4WSz0JFfQnKMcj1fggoP9L6gv3h8N5ONw998gfZOQL4c40vatnGxDg5-j3jwvG_Yqj-sWCVOqM.aqkzsmTCmZ7GOPpRMuS-xu5rzILLJ4jOk0SYj0Ij3Dc&dib_tag=se&keywords=herb+lemon+balm&qid=1727110127&sr=8-6,$36.94,4.5 out of 5 stars,Positive,0.579677777777778
"Lemon Balm Leaf Cut & Sifted Organic - Melissa officinalis, 4 Oz",https://www.amazon.com/Lemon-Balm-Leaf-Sifted-Organic/dp/B009O5IX92/ref=sr_1_7?dib=eyJ2IjoiMSJ9.OEzgl3EE7ev9AUKnlzwzKJFQ0d5Vtjg3bPZ8XBBp5jCEnQhIINILUVSzy5EbvYta7RX8-KJeKmoZ5cEgSYF2__BkfFGUR33_gfm69joNAmelompafGaxBHt6JNKLK_rqElZV_6Q6-WC_yq2hJAKDnFUCRomuE1ItZgpUj0Z7YDk_fdZysf0cDg16r5WMAEeaCCdGvPOF59IAYDXm1gbrTrpGQh2rV9-GI4WSz0JFfQnKMcj1fggoP9L6gv3h8N5ONw998gfZOQL4c40vatnGxDg5-j3jwvG_Yqj-sWCVOqM.aqkzsmTCmZ7GOPpRMuS-xu5rzILLJ4jOk0SYj0Ij3Dc&dib_tag=se&keywords=herb+lemon+balm&qid=1727110127&sr=8-7,$10.91,4.7 out of 5 stars,Positive,0.41297000000000006
"Eastanbul Lemon Balm, 0.53oz Lemon Balm Tea Loose Leaf & Pure, Melissa Tea, Lemon Balm Herb, Dried Lemon Balm Leaf Tea, Natural, No Caffeine, Lemon Balm Loose Leaf, Relaxation Tea",https://www.amazon.com/Eastanbul-Melissa-Natural-Caffeine-Relaxation/dp/B0CNZW9L42/ref=sr_1_8?dib=eyJ2IjoiMSJ9.OEzgl3EE7ev9AUKnlzwzKJFQ0d5Vtjg3bPZ8XBBp5jCEnQhIINILUVSzy5EbvYta7RX8-KJeKmoZ5cEgSYF2__BkfFGUR33_gfm69joNAmelompafGaxBHt6JNKLK_rqElZV_6Q6-WC_yq2hJAKDnFUCRomuE1ItZgpUj0Z7YDk_fdZysf0cDg16r5WMAEeaCCdGvPOF59IAYDXm1gbrTrpGQh2rV9-GI4WSz0JFfQnKMcj1fggoP9L6gv3h8N5ONw998gfZOQL4c40vatnGxDg5-j3jwvG_Yqj-sWCVOqM.aqkzsmTCmZ7GOPpRMuS-xu5rzILLJ4jOk0SYj0Ij3Dc&dib_tag=se&keywords=herb+lemon+balm&qid=1727110127&sr=8-8,$7.49,4.0 out of 5 stars,Positive,0.5022375
TEARELAE - Lemon Balm Tea Bag - 1.5g X 50 Count - Pure Natural Dried Lemon Balm Herb - Premium Lemon Balm Leaf for Calming and Digestion Support - Caffeine-free - Non-GMO,https://www.amazon.com/TEARELAE-Natural-Premium-Digestion-Caffeine-free/dp/B0B7MGM7F4/ref=sr_1_9?dib=eyJ2IjoiMSJ9.OEzgl3EE7ev9AUKnlzwzKJFQ0d5Vtjg3bPZ8XBBp5jCEnQhIINILUVSzy5EbvYta7RX8-KJeKmoZ5cEgSYF2__BkfFGUR33_gfm69joNAmelompafGaxBHt6JNKLK_rqElZV_6Q6-WC_yq2hJAKDnFUCRomuE1ItZgpUj0Z7YDk_fdZysf0cDg16r5WMAEeaCCdGvPOF59IAYDXm1gbrTrpGQh2rV9-GI4WSz0JFfQnKMcj1fggoP9L6gv3h8N5ONw998gfZOQL4c40vatnGxDg5-j3jwvG_Yqj-sWCVOqM.aqkzsmTCmZ7GOPpRMuS-xu5rzILLJ4jOk0SYj0Ij3Dc&dib_tag=se&keywords=herb+lemon+balm&qid=1727110127&sr=8-9,$9.99,4.4 out of 5 stars,Positive,0.5941615384615384
"Biokoma Pure and Organic Lemon Balm (Melissae folium) Dried Leaves 50g (1.76oz) In Resealable Moisture Proof Pouch, USDA Certified Organic - Herbal Tea, No Additives, No Preservatives, No GMO, Kosher",https://www.amazon.com/Natural-Biokoma-Leaves-Resealable-Moisture/dp/B07BYF9VVW/ref=sr_1_10?dib=eyJ2IjoiMSJ9.OEzgl3EE7ev9AUKnlzwzKJFQ0d5Vtjg3bPZ8XBBp5jCEnQhIINILUVSzy5EbvYta7RX8-KJeKmoZ5cEgSYF2__BkfFGUR33_gfm69joNAmelompafGaxBHt6JNKLK_rqElZV_6Q6-WC_yq2hJAKDnFUCRomuE1ItZgpUj0Z7YDk_fdZysf0cDg16r5WMAEeaCCdGvPOF59IAYDXm1gbrTrpGQh2rV9-GI4WSz0JFfQnKMcj1fggoP9L6gv3h8N5ONw998gfZOQL4c40vatnGxDg5-j3jwvG_Yqj-sWCVOqM.aqkzsmTCmZ7GOPpRMuS-xu5rzILLJ4jOk0SYj0Ij3Dc&dib_tag=se&keywords=herb+lemon+balm&qid=1727110127&sr=8-10,$14.99,4.4 out of 5 stars,Mixed,0.21918749999999998
"FullChea - Lemon Balm Tea Bag, 40 Teabags, 1.5g/bag - Premium Lemon Balm Herb - Melissa Officinalis - Non-GMO - Caffeine-free - Promotes Relaxation & Support Digestion",https://www.amazon.com/FullChea-Officinalis-Caffeine-free-Relaxation-Digestion/dp/B0B7LJK9Z5/ref=sr_1_11?dib=eyJ2IjoiMSJ9.OEzgl3EE7ev9AUKnlzwzKJFQ0d5Vtjg3bPZ8XBBp5jCEnQhIINILUVSzy5EbvYta7RX8-KJeKmoZ5cEgSYF2__BkfFGUR33_gfm69joNAmelompafGaxBHt6JNKLK_rqElZV_6Q6-WC_yq2hJAKDnFUCRomuE1ItZgpUj0Z7YDk_fdZysf0cDg16r5WMAEeaCCdGvPOF59IAYDXm1gbrTrpGQh2rV9-GI4WSz0JFfQnKMcj1fggoP9L6gv3h8N5ONw998gfZOQL4c40vatnGxDg5-j3jwvG_Yqj-sWCVOqM.aqkzsmTCmZ7GOPpRMuS-xu5rzILLJ4jOk0SYj0Ij3Dc&dib_tag=se&keywords=herb+lemon+balm&qid=1727110127&sr=8-11,$9.99,4.5 out of 5 stars,Positive,0.5186307692307692
"Maxx Herb Lemon Balm Extract - Max Strength Liquid Tincture Absorbs Better Than Capsules or Tea, for Nervous System Support, & Stress Management - Alcohol Free - 4 Oz Bottle (60 Servings)",https://www.amazon.com/Maxx-Herb-Lemon-Balm-Extract/dp/B085RFX36K/ref=sr_1_12?dib=eyJ2IjoiMSJ9.OEzgl3EE7ev9AUKnlzwzKJFQ0d5Vtjg3bPZ8XBBp5jCEnQhIINILUVSzy5EbvYta7RX8-KJeKmoZ5cEgSYF2__BkfFGUR33_gfm69joNAmelompafGaxBHt6JNKLK_rqElZV_6Q6-WC_yq2hJAKDnFUCRomuE1ItZgpUj0Z7YDk_fdZysf0cDg16r5WMAEeaCCdGvPOF59IAYDXm1gbrTrpGQh2rV9-GI4WSz0JFfQnKMcj1fggoP9L6gv3h8N5ONw998gfZOQL4c40vatnGxDg5-j3jwvG_Yqj-sWCVOqM.aqkzsmTCmZ7GOPpRMuS-xu5rzILLJ4jOk0SYj0Ij3Dc&dib_tag=se&keywords=herb+lemon+balm&qid=1727110127&sr=8-12,$35.95,4.5 out of 5 stars,Positive,0.6059125000000001
"Lemon Balm (Herbal Tea): (Melissa Officinalis Caffeine Free) - Balm Leaf (Cut and Sifted), 1lb (16Oz) U.S. Wellness Bulk Tea",https://www.amazon.com/Lemon-Balm-Tea-Bulk-Herbal/dp/B01F45DZUC/ref=sr_1_13?dib=eyJ2IjoiMSJ9.OEzgl3EE7ev9AUKnlzwzKJFQ0d5Vtjg3bPZ8XBBp5jCEnQhIINILUVSzy5EbvYta7RX8-KJeKmoZ5cEgSYF2__BkfFGUR33_gfm69joNAmelompafGaxBHt6JNKLK_rqElZV_6Q6-WC_yq2hJAKDnFUCRomuE1ItZgpUj0Z7YDk_fdZysf0cDg16r5WMAEeaCCdGvPOF59IAYDXm1gbrTrpGQh2rV9-GI4WSz0JFfQnKMcj1fggoP9L6gv3h8N5ONw998gfZOQL4c40vatnGxDg5-j3jwvG_Yqj-sWCVOqM.aqkzsmTCmZ7GOPpRMuS-xu5rzILLJ4jOk0SYj0Ij3Dc&dib_tag=se&keywords=herb+lemon+balm&qid=1727110127&sr=8-13,$22.99,4.6 out of 5 stars,Positive,0.6763166666666667
"Organic Way Lemon Balm Leaf Cut & Sifted (Melissa officinalis) - Herbal Tea | Organic & Kosher Certified | Vegan | Raw, Non GMO & Gluten Free | USDA Certified | Origin - Albania (1/4LBS / 4Oz)",https://www.amazon.com/Organic-Way-Sifted-Melissa-officinalis/dp/B0B4V56412/ref=sr_1_14?dib=eyJ2IjoiMSJ9.OEzgl3EE7ev9AUKnlzwzKJFQ0d5Vtjg3bPZ8XBBp5jCEnQhIINILUVSzy5EbvYta7RX8-KJeKmoZ5cEgSYF2__BkfFGUR33_gfm69joNAmelompafGaxBHt6JNKLK_rqElZV_6Q6-WC_yq2hJAKDnFUCRomuE1ItZgpUj0Z7YDk_fdZysf0cDg16r5WMAEeaCCdGvPOF59IAYDXm1gbrTrpGQh2rV9-GI4WSz0JFfQnKMcj1fggoP9L6gv3h8N5ONw998gfZOQL4c40vatnGxDg5-j3jwvG_Yqj-sWCVOqM.aqkzsmTCmZ7GOPpRMuS-xu5rzILLJ4jOk0SYj0Ij3Dc&dib_tag=se&keywords=herb+lemon+balm&qid=1727110127&sr=8-14,$12.99,4.6 out of 5 stars,Positive,0.3905
"Starwest Botanicals Organic Lemon Balm Leaf C/S, 1 Pound",https://www.amazon.com/Starwest-Botanicals-Organic-Lemon-Pound/dp/B00ZDO3JIS/ref=sr_1_15?dib=eyJ2IjoiMSJ9.OEzgl3EE7ev9AUKnlzwzKJFQ0d5Vtjg3bPZ8XBBp5jCEnQhIINILUVSzy5EbvYta7RX8-KJeKmoZ5cEgSYF2__BkfFGUR33_gfm69joNAmelompafGaxBHt6JNKLK_rqElZV_6Q6-WC_yq2hJAKDnFUCRomuE1ItZgpUj0Z7YDk_fdZysf0cDg16r5WMAEeaCCdGvPOF59IAYDXm1gbrTrpGQh2rV9-GI4WSz0JFfQnKMcj1fggoP9L6gv3h8N5ONw998gfZOQL4c40vatnGxDg5-j3jwvG_Yqj-sWCVOqM.aqkzsmTCmZ7GOPpRMuS-xu5rzILLJ4jOk0SYj0Ij3Dc&dib_tag=se&keywords=herb+lemon+balm&qid=1727110127&sr=8-15,$34.87,4.5 out of 5 stars,Positive,0.6605999999999999
"Organic Lemon Balm Tincture, Supports Calmness and Relaxation, Alcohol Free, Vegan - 2 Fl Oz",https://www.amazon.com/Pura-Herba-Tincture-Supports-Relaxation/dp/B0CTXLPKRD/ref=sr_1_16?dib=eyJ2IjoiMSJ9.OEzgl3EE7ev9AUKnlzwzKJFQ0d5Vtjg3bPZ8XBBp5jCEnQhIINILUVSzy5EbvYta7RX8-KJeKmoZ5cEgSYF2__BkfFGUR33_gfm69joNAmelompafGaxBHt6JNKLK_rqElZV_6Q6-WC_yq2hJAKDnFUCRomuE1ItZgpUj0Z7YDk_fdZysf0cDg16r5WMAEeaCCdGvPOF59IAYDXm1gbrTrpGQh2rV9-GI4WSz0JFfQnKMcj1fggoP9L6gv3h8N5ONw998gfZOQL4c40vatnGxDg5-j3jwvG_Yqj-sWCVOqM.aqkzsmTCmZ7GOPpRMuS-xu5rzILLJ4jOk0SYj0Ij3Dc&dib_tag=se&keywords=herb+lemon+balm&qid=1727110127&sr=8-16,$17.99,4.6 out of 5 stars,Highly Positive,0.8741749999999999
Carlyle Lemon Balm Capsules | 200 Count | Non-GMO and Gluten Free Formula | Melissa Leaf Traditional Herbal Supplement | Super Concentrated Extract,https://www.amazon.com/Capsules-Non-GMO-Traditional-Supplement-Carlyle/dp/B08SG2M7D8/ref=sr_1_17?dib=eyJ2IjoiMSJ9.OEzgl3EE7ev9AUKnlzwzKJFQ0d5Vtjg3bPZ8XBBp5jCEnQhIINILUVSzy5EbvYta7RX8-KJeKmoZ5cEgSYF2__BkfFGUR33_gfm69joNAmelompafGaxBHt6JNKLK_rqElZV_6Q6-WC_yq2hJAKDnFUCRomuE1ItZgpUj0Z7YDk_fdZysf0cDg16r5WMAEeaCCdGvPOF59IAYDXm1gbrTrpGQh2rV9-GI4WSz0JFfQnKMcj1fggoP9L6gv3h8N5ONw998gfZOQL4c40vatnGxDg5-j3jwvG_Yqj-sWCVOqM.aqkzsmTCmZ7GOPpRMuS-xu5rzILLJ4jOk0SYj0Ij3Dc&dib_tag=se&keywords=herb+lemon+balm&qid=1727110127&sr=8-17,$9.99,4.5 out of 5 stars,Positive,0.5624750000000001
"Organic Way Lemon Balm Leaf Whole (Melissa officinalis) - Herbal Tea | Organic & Kosher Certified | Vegan | Raw, Non GMO & Gluten Free | USDA Certified | Origin - Albania (1LBS / 16Oz)",https://www.amazon.com/Organic-Way-Lemon-Melissa-officinalis/dp/B08KS4JYQX/ref=sr_1_18?dib=eyJ2IjoiMSJ9.OEzgl3EE7ev9AUKnlzwzKJFQ0d5Vtjg3bPZ8XBBp5jCEnQhIINILUVSzy5EbvYta7RX8-KJeKmoZ5cEgSYF2__BkfFGUR33_gfm69joNAmelompafGaxBHt6JNKLK_rqElZV_6Q6-WC_yq2hJAKDnFUCRomuE1ItZgpUj0Z7YDk_fdZysf0cDg16r5WMAEeaCCdGvPOF59IAYDXm1gbrTrpGQh2rV9-GI4WSz0JFfQnKMcj1fggoP9L6gv3h8N5ONw998gfZOQL4c40vatnGxDg5-j3jwvG_Yqj-sWCVOqM.aqkzsmTCmZ7GOPpRMuS-xu5rzILLJ4jOk0SYj0Ij3Dc&dib_tag=se&keywords=herb+lemon+balm&qid=1727110127&sr=8-18,$22.99,4.9 out of 5 stars,Positive,0.39815
Gaia Herbs Lemon Balm - for Stress Relief & Calm - with Lemon Balm Extract - 1 Fl Oz Organic Liquid Dropper Bottle (23 Servings),https://www.amazon.com/Lemon-Extract-Gaia-Herbs-Liquid/dp/B000P482OM/ref=sr_1_19?dib=eyJ2IjoiMSJ9.OEzgl3EE7ev9AUKnlzwzKJFQ0d5Vtjg3bPZ8XBBp5jCEnQhIINILUVSzy5EbvYta7RX8-KJeKmoZ5cEgSYF2__BkfFGUR33_gfm69joNAmelompafGaxBHt6JNKLK_rqElZV_6Q6-WC_yq2hJAKDnFUCRomuE1ItZgpUj0Z7YDk_fdZysf0cDg16r5WMAEeaCCdGvPOF59IAYDXm1gbrTrpGQh2rV9-GI4WSz0JFfQnKMcj1fggoP9L6gv3h8N5ONw998gfZOQL4c40vatnGxDg5-j3jwvG_Yqj-sWCVOqM.aqkzsmTCmZ7GOPpRMuS-xu5rzILLJ4jOk0SYj0Ij3Dc&dib_tag=se&keywords=herb+lemon+balm&qid=1727110127&sr=8-19,$15.49,4.6 out of 5 stars,Positive,0.617675
"The Tao of Tea, Lemon Balm Herbal Tea, Loose Leaf, 2.0 Ounce Tin",https://www.amazon.com/Tao-Tea-Lemon-Herbal-Loose/dp/B00DUOAMV0/ref=sr_1_20?dib=eyJ2IjoiMSJ9.OEzgl3EE7ev9AUKnlzwzKJFQ0d5Vtjg3bPZ8XBBp5jCEnQhIINILUVSzy5EbvYta7RX8-KJeKmoZ5cEgSYF2__BkfFGUR33_gfm69joNAmelompafGaxBHt6JNKLK_rqElZV_6Q6-WC_yq2hJAKDnFUCRomuE1ItZgpUj0Z7YDk_fdZysf0cDg16r5WMAEeaCCdGvPOF59IAYDXm1gbrTrpGQh2rV9-GI4WSz0JFfQnKMcj1fggoP9L6gv3h8N5ONw998gfZOQL4c40vatnGxDg5-j3jwvG_Yqj-sWCVOqM.aqkzsmTCmZ7GOPpRMuS-xu5rzILLJ4jOk0SYj0Ij3Dc&dib_tag=se&keywords=herb+lemon+balm&qid=1727110127&sr=8-20,$9.00,4.6 out of 5 stars,Highly Positive,0.7742000000000001
"HERBAMAMA Lemon Balm Tincture - Relaxation Supplement with Lemon Balm Leaf Extract - Vegan Melissa Officinalis Lemon Balm Drops - Alcohol & Sugar-Free, 28-Day Supply",https://www.amazon.com/sspa/click?ie=UTF8&spc=MToxNDM1MDI3NDQ4ODUwMjM0OjE3MjcxMTAxMjg6c3BfbXRmOjIwMDEyODAwMDc4MjY5ODo6MDo6&url=%2FHERBAMAMA-Lemon-Balm-Liquid-Extract%2Fdp%2FB08BX76Y52%2Fref%3Dsr_1_21_sspa%3Fdib%3DeyJ2IjoiMSJ9.OEzgl3EE7ev9AUKnlzwzKJFQ0d5Vtjg3bPZ8XBBp5jCEnQhIINILUVSzy5EbvYta7RX8-KJeKmoZ5cEgSYF2__BkfFGUR33_gfm69joNAmelompafGaxBHt6JNKLK_rqElZV_6Q6-WC_yq2hJAKDnFUCRomuE1ItZgpUj0Z7YDk_fdZysf0cDg16r5WMAEeaCCdGvPOF59IAYDXm1gbrTrpGQh2rV9-GI4WSz0JFfQnKMcj1fggoP9L6gv3h8N5ONw998gfZOQL4c40vatnGxDg5-j3jwvG_Yqj-sWCVOqM.aqkzsmTCmZ7GOPpRMuS-xu5rzILLJ4jOk0SYj0Ij3Dc%26dib_tag%3Dse%26keywords%3Dherb%2Blemon%2Bbalm%26qid%3D1727110127%26sr%3D8-21-spons%26sp_csd%3Dd2lkZ2V0TmFtZT1zcF9tdGY%26psc%3D1,$16.99,4.5 out of 5 stars,Highly Positive,0.72965
Lemon Balm Tincture - Organic Lemons Drops - Dried Lemon Balm Made in USA - Non-GMO - Lemon Balm Extract 2 Fl. Oz,https://www.amazon.com/sspa/click?ie=UTF8&spc=MToxNDM1MDI3NDQ4ODUwMjM0OjE3MjcxMTAxMjg6c3BfbXRmOjMwMDEzMjA1MTI5MjIwMjo6MDo6&url=%2FTincture-Organic-Extract-officinalis-Supplement%2Fdp%2FB07FFGRVZ4%2Fref%3Dsr_1_22_sspa%3Fdib%3DeyJ2IjoiMSJ9.OEzgl3EE7ev9AUKnlzwzKJFQ0d5Vtjg3bPZ8XBBp5jCEnQhIINILUVSzy5EbvYta7RX8-KJeKmoZ5cEgSYF2__BkfFGUR33_gfm69joNAmelompafGaxBHt6JNKLK_rqElZV_6Q6-WC_yq2hJAKDnFUCRomuE1ItZgpUj0Z7YDk_fdZysf0cDg16r5WMAEeaCCdGvPOF59IAYDXm1gbrTrpGQh2rV9-GI4WSz0JFfQnKMcj1fggoP9L6gv3h8N5ONw998gfZOQL4c40vatnGxDg5-j3jwvG_Yqj-sWCVOqM.aqkzsmTCmZ7GOPpRMuS-xu5rzILLJ4jOk0SYj0Ij3Dc%26dib_tag%3Dse%26keywords%3Dherb%2Blemon%2Bbalm%26qid%3D1727110127%26sr%3D8-22-spons%26sp_csd%3Dd2lkZ2V0TmFtZT1zcF9tdGY%26psc%3D1,$19.99,4.3 out of 5 stars,Positive,0.6333375
"Lemon Balm Tea Organic - Lemon Balm Herb Loose Leaf - Melissa Tea, Tolonjil Tea Organic –- Anti Stress, Sleep, Blood Pressure, Digestion - 4 Oz",https://www.amazon.com/Lemon-Balm-Tea-Organic-Digestion/dp/B0D9MCTZFK/ref=sr_1_23?dib=eyJ2IjoiMSJ9.OEzgl3EE7ev9AUKnlzwzKJFQ0d5Vtjg3bPZ8XBBp5jCEnQhIINILUVSzy5EbvYta7RX8-KJeKmoZ5cEgSYF2__BkfFGUR33_gfm69joNAmelompafGaxBHt6JNKLK_rqElZV_6Q6-WC_yq2hJAKDnFUCRomuE1ItZgpUj0Z7YDk_fdZysf0cDg16r5WMAEeaCCdGvPOF59IAYDXm1gbrTrpGQh2rV9-GI4WSz0JFfQnKMcj1fggoP9L6gv3h8N5ONw998gfZOQL4c40vatnGxDg5-j3jwvG_Yqj-sWCVOqM.aqkzsmTCmZ7GOPpRMuS-xu5rzILLJ4jOk0SYj0Ij3Dc&dib_tag=se&keywords=herb+lemon+balm&qid=1727110127&sr=8-23,$14.99,4.5 out of 5 stars,Mixed,0.29586250000000003
4 oz. Dried Lemon Balm Herb Frontier Loose Lemon Balm Tea Bags (Melissa Officinalis tea) - 113g Melissa Herb Tea te de toronjil,https://www.amazon.com/Dried-Lemon-Frontier-Melissa-Officinalis/dp/B0CR4FJNYB/ref=sr_1_24?dib=eyJ2IjoiMSJ9.OEzgl3EE7ev9AUKnlzwzKJFQ0d5Vtjg3bPZ8XBBp5jCEnQhIINILUVSzy5EbvYta7RX8-KJeKmoZ5cEgSYF2__BkfFGUR33_gfm69joNAmelompafGaxBHt6JNKLK_rqElZV_6Q6-WC_yq2hJAKDnFUCRomuE1ItZgpUj0Z7YDk_fdZysf0cDg16r5WMAEeaCCdGvPOF59IAYDXm1gbrTrpGQh2rV9-GI4WSz0JFfQnKMcj1fggoP9L6gv3h8N5ONw998gfZOQL4c40vatnGxDg5-j3jwvG_Yqj-sWCVOqM.aqkzsmTCmZ7GOPpRMuS-xu5rzILLJ4jOk0SYj0Ij3Dc&dib_tag=se&keywords=herb+lemon+balm&qid=1727110127&sr=8-24,$9.99,3.8 out of 5 stars,Highly Positive,0.8876875
"Worldwide Botanicals Organic Lemon Balm Tea - 50% more herbs with 2.25g per tea bag - 100% Pure Lemon Balm Leaves, Kosher, 25 tea bags",https://www.amazon.com/Worldwide-Botanicals-Organic-Lemon-Balm/dp/B09ZVMVS95/ref=sr_1_25?dib=eyJ2IjoiMSJ9.OEzgl3EE7ev9AUKnlzwzKJFQ0d5Vtjg3bPZ8XBBp5jCEnQhIINILUVSzy5EbvYta7RX8-KJeKmoZ5cEgSYF2__BkfFGUR33_gfm69joNAmelompafGaxBHt6JNKLK_rqElZV_6Q6-WC_yq2hJAKDnFUCRomuE1ItZgpUj0Z7YDk_fdZysf0cDg16r5WMAEeaCCdGvPOF59IAYDXm1gbrTrpGQh2rV9-GI4WSz0JFfQnKMcj1fggoP9L6gv3h8N5ONw998gfZOQL4c40vatnGxDg5-j3jwvG_Yqj-sWCVOqM.aqkzsmTCmZ7GOPpRMuS-xu5rzILLJ4jOk0SYj0Ij3Dc&dib_tag=se&keywords=herb+lemon+balm&qid=1727110127&sr=8-25,$9.98,4.5 out of 5 stars,Highly Positive,0.7537
"Nature's Way Premium Herbal Melissa Lemon Balm Leaf, Traditional Sleep Aid*, 1,500 mg per serving, 100 Vegan Capsules",https://www.amazon.com/Natures-Way-Melissa-Capsules-100-Count/dp/B00020HQU0/ref=sr_1_26?dib=eyJ2IjoiMSJ9.OEzgl3EE7ev9AUKnlzwzKJFQ0d5Vtjg3bPZ8XBBp5jCEnQhIINILUVSzy5EbvYta7RX8-KJeKmoZ5cEgSYF2__BkfFGUR33_gfm69joNAmelompafGaxBHt6JNKLK_rqElZV_6Q6-WC_yq2hJAKDnFUCRomuE1ItZgpUj0Z7YDk_fdZysf0cDg16r5WMAEeaCCdGvPOF59IAYDXm1gbrTrpGQh2rV9-GI4WSz0JFfQnKMcj1fggoP9L6gv3h8N5ONw998gfZOQL4c40vatnGxDg5-j3jwvG_Yqj-sWCVOqM.aqkzsmTCmZ7GOPpRMuS-xu5rzILLJ4jOk0SYj0Ij3Dc&dib_tag=se&keywords=herb+lemon+balm&qid=1727110127&sr=8-26,$7.13,4.5 out of 5 stars,Positive,0.639175
"Herb Pharm Certified Organic Lemon Balm Liquid Extract for Calming Nervous System Support, Organic Cane Alcohol, 1 Ounce",https://www.amazon.com/Herb-Pharm-Extract-Calming-Nervous/dp/B000158C9A/ref=sr_1_27?dib=eyJ2IjoiMSJ9.OEzgl3EE7ev9AUKnlzwzKJFQ0d5Vtjg3bPZ8XBBp5jCEnQhIINILUVSzy5EbvYta7RX8-KJeKmoZ5cEgSYF2__BkfFGUR33_gfm69joNAmelompafGaxBHt6JNKLK_rqElZV_6Q6-WC_yq2hJAKDnFUCRomuE1ItZgpUj0Z7YDk_fdZysf0cDg16r5WMAEeaCCdGvPOF59IAYDXm1gbrTrpGQh2rV9-GI4WSz0JFfQnKMcj1fggoP9L6gv3h8N5ONw998gfZOQL4c40vatnGxDg5-j3jwvG_Yqj-sWCVOqM.aqkzsmTCmZ7GOPpRMuS-xu5rzILLJ4jOk0SYj0Ij3Dc&dib_tag=se&keywords=herb+lemon+balm&qid=1727110127&sr=8-27,$15.01,4.6 out of 5 stars,Positive,0.6656875
"Herb Pharm Kids Certified-Organic Alcohol-Free Lemon Balm Calm Liquid Extract, 1 Ounce (GLKLEMON01)",https://www.amazon.com/Herb-Pharm-Certified-Organic-Alcohol-Free-Extract/dp/B00Y26TZD6/ref=sr_1_28?dib=eyJ2IjoiMSJ9.OEzgl3EE7ev9AUKnlzwzKJFQ0d5Vtjg3bPZ8XBBp5jCEnQhIINILUVSzy5EbvYta7RX8-KJeKmoZ5cEgSYF2__BkfFGUR33_gfm69joNAmelompafGaxBHt6JNKLK_rqElZV_6Q6-WC_yq2hJAKDnFUCRomuE1ItZgpUj0Z7YDk_fdZysf0cDg16r5WMAEeaCCdGvPOF59IAYDXm1gbrTrpGQh2rV9-GI4WSz0JFfQnKMcj1fggoP9L6gv3h8N5ONw998gfZOQL4c40vatnGxDg5-j3jwvG_Yqj-sWCVOqM.aqkzsmTCmZ7GOPpRMuS-xu5rzILLJ4jOk0SYj0Ij3Dc&dib_tag=se&keywords=herb+lemon+balm&qid=1727110127&sr=8-28,$12.78,4.4 out of 5 stars,Positive,0.35072222222222227
Lemon Balm Tincture - Organic Lemons Drops - Dried Lemon Balm Made in USA - Non-GMO - Lemon Balm Extract 2 Fl. Oz,https://www.amazon.com/Tincture-Organic-Extract-officinalis-Supplement/dp/B07FFGRVZ4/ref=sr_1_29?dib=eyJ2IjoiMSJ9.OEzgl3EE7ev9AUKnlzwzKJFQ0d5Vtjg3bPZ8XBBp5jCEnQhIINILUVSzy5EbvYta7RX8-KJeKmoZ5cEgSYF2__BkfFGUR33_gfm69joNAmelompafGaxBHt6JNKLK_rqElZV_6Q6-WC_yq2hJAKDnFUCRomuE1ItZgpUj0Z7YDk_fdZysf0cDg16r5WMAEeaCCdGvPOF59IAYDXm1gbrTrpGQh2rV9-GI4WSz0JFfQnKMcj1fggoP9L6gv3h8N5ONw998gfZOQL4c40vatnGxDg5-j3jwvG_Yqj-sWCVOqM.aqkzsmTCmZ7GOPpRMuS-xu5rzILLJ4jOk0SYj0Ij3Dc&dib_tag=se&keywords=herb+lemon+balm&qid=1727110127&sr=8-29,$19.99,4.3 out of 5 stars,Positive,0.6333375
"Wild & Organic Lemon Balm Drops - Alcohol Free Lemon Balm Leaf Tincture for Relaxation - Lemon Balm Herb Supplement - Vegan, No Additives (Melissa Officinalis) - 2 fl oz",https://www.amazon.com/Lemon-Balm-Tincture-Organic-Supplement/dp/B0C12C8J57/ref=sr_1_30?dib=eyJ2IjoiMSJ9.OEzgl3EE7ev9AUKnlzwzKJFQ0d5Vtjg3bPZ8XBBp5jCEnQhIINILUVSzy5EbvYta7RX8-KJeKmoZ5cEgSYF2__BkfFGUR33_gfm69joNAmelompafGaxBHt6JNKLK_rqElZV_6Q6-WC_yq2hJAKDnFUCRomuE1ItZgpUj0Z7YDk_fdZysf0cDg16r5WMAEeaCCdGvPOF59IAYDXm1gbrTrpGQh2rV9-GI4WSz0JFfQnKMcj1fggoP9L6gv3h8N5ONw998gfZOQL4c40vatnGxDg5-j3jwvG_Yqj-sWCVOqM.aqkzsmTCmZ7GOPpRMuS-xu5rzILLJ4jOk0SYj0Ij3Dc&dib_tag=se&keywords=herb+lemon+balm&qid=1727110127&sr=8-30,$12.99,4.4 out of 5 stars,Positive,0.4797375
Greek Organic Bio Herb Melissa/Lemon Balm Leaves from Mount Pelion Greece - GMO/Caffeine Free 10gr - 0.35oz,https://www.amazon.com/Greek-Organic-Melissa-Leaves-Pelion/dp/B0BHKWLXT3/ref=sr_1_31?dib=eyJ2IjoiMSJ9.OEzgl3EE7ev9AUKnlzwzKJFQ0d5Vtjg3bPZ8XBBp5jCEnQhIINILUVSzy5EbvYta7RX8-KJeKmoZ5cEgSYF2__BkfFGUR33_gfm69joNAmelompafGaxBHt6JNKLK_rqElZV_6Q6-WC_yq2hJAKDnFUCRomuE1ItZgpUj0Z7YDk_fdZysf0cDg16r5WMAEeaCCdGvPOF59IAYDXm1gbrTrpGQh2rV9-GI4WSz0JFfQnKMcj1fggoP9L6gv3h8N5ONw998gfZOQL4c40vatnGxDg5-j3jwvG_Yqj-sWCVOqM.aqkzsmTCmZ7GOPpRMuS-xu5rzILLJ4jOk0SYj0Ij3Dc&dib_tag=se&keywords=herb+lemon+balm&qid=1727110127&sr=8-31,$9.33,5.0 out of 5 stars,Positive,0.46735
Lemon Balm Leaf Extract - Vegan Lemon Balm Drops - Melissa Lemon Balm Tincture for Calmness Support - Sugar & Alcohol-Free Lemon Balm Extract 2 Fl. Oz.,https://www.amazon.com/Lemon-Balm-Tincture-Officinalis-Cognition/dp/B07MK3VF3Q/ref=sr_1_32?dib=eyJ2IjoiMSJ9.OEzgl3EE7ev9AUKnlzwzKJFQ0d5Vtjg3bPZ8XBBp5jCEnQhIINILUVSzy5EbvYta7RX8-KJeKmoZ5cEgSYF2__BkfFGUR33_gfm69joNAmelompafGaxBHt6JNKLK_rqElZV_6Q6-WC_yq2hJAKDnFUCRomuE1ItZgpUj0Z7YDk_fdZysf0cDg16r5WMAEeaCCdGvPOF59IAYDXm1gbrTrpGQh2rV9-GI4WSz0JFfQnKMcj1fggoP9L6gv3h8N5ONw998gfZOQL4c40vatnGxDg5-j3jwvG_Yqj-sWCVOqM.aqkzsmTCmZ7GOPpRMuS-xu5rzILLJ4jOk0SYj0Ij3Dc&dib_tag=se&keywords=herb+lemon+balm&qid=1727110127&sr=8-32,$11.99,4.4 out of 5 stars,Positive,0.6066874999999999
"Frontier Co-op Organic Cut & Sifted Lemon Balm Leaf 1lb - Dried Lemon Balm Herb Lemon Balm Loose Leaf Tea Herb - Melissa Tea, Toronjil Tea",https://www.amazon.com/sspa/click?ie=UTF8&spc=MToxNDM1MDI3NDQ4ODUwMjM0OjE3MjcxMTAxMjg6c3BfbXRmOjIwMDA1NzM2MDMwMzc2MTo6MDo6&url=%2FLemon-Balm-Leaf-Sifted-Organic%2Fdp%2FB000WR8D9Q%2Fref%3Dsr_1_33_sspa%3Fdib%3DeyJ2IjoiMSJ9.OEzgl3EE7ev9AUKnlzwzKJFQ0d5Vtjg3bPZ8XBBp5jCEnQhIINILUVSzy5EbvYta7RX8-KJeKmoZ5cEgSYF2__BkfFGUR33_gfm69joNAmelompafGaxBHt6JNKLK_rqElZV_6Q6-WC_yq2hJAKDnFUCRomuE1ItZgpUj0Z7YDk_fdZysf0cDg16r5WMAEeaCCdGvPOF59IAYDXm1gbrTrpGQh2rV9-GI4WSz0JFfQnKMcj1fggoP9L6gv3h8N5ONw998gfZOQL4c40vatnGxDg5-j3jwvG_Yqj-sWCVOqM.aqkzsmTCmZ7GOPpRMuS-xu5rzILLJ4jOk0SYj0Ij3Dc%26dib_tag%3Dse%26keywords%3Dherb%2Blemon%2Bbalm%26qid%3D1727110127%26sr%3D8-33-spons%26sp_csd%3Dd2lkZ2V0TmFtZT1zcF9tdGY%26psc%3D1,$27.14,4.7 out of 5 stars,Highly Positive,0.77215
Greek Organic Bio Herb Melissa/Lemon Balm Leaves from Mount Pelion Greece - GMO/Caffeine Free…,https://www.amazon.com/Organic-Melissa-Leaves-Pelion-Greece/dp/B073DQDB7B/ref=sr_1_34?dib=eyJ2IjoiMSJ9.OEzgl3EE7ev9AUKnlzwzKJFQ0d5Vtjg3bPZ8XBBp5jCEnQhIINILUVSzy5EbvYta7RX8-KJeKmoZ5cEgSYF2__BkfFGUR33_gfm69joNAmelompafGaxBHt6JNKLK_rqElZV_6Q6-WC_yq2hJAKDnFUCRomuE1ItZgpUj0Z7YDk_fdZysf0cDg16r5WMAEeaCCdGvPOF59IAYDXm1gbrTrpGQh2rV9-GI4WSz0JFfQnKMcj1fggoP9L6gv3h8N5ONw998gfZOQL4c40vatnGxDg5-j3jwvG_Yqj-sWCVOqM.aqkzsmTCmZ7GOPpRMuS-xu5rzILLJ4jOk0SYj0Ij3Dc&dib_tag=se&keywords=herb+lemon+balm&qid=1727110127&sr=8-34,$10.90,4.2 out of 5 stars,Positive,0.324125
"Double Wood Supplements Lemon Balm Tincture - Organic Lemon Balm Drops for Relaxation 590mg - 2FL OZ, 120 Servings (Better Absorbed Than Capsules, Great Addition to Lemon Balm Tea) for Relaxation",https://www.amazon.com/Double-Wood-Supplements-Lemon-Tincture/dp/B0CMY1MYZR/ref=sr_1_35?dib=eyJ2IjoiMSJ9.OEzgl3EE7ev9AUKnlzwzKJFQ0d5Vtjg3bPZ8XBBp5jCEnQhIINILUVSzy5EbvYta7RX8-KJeKmoZ5cEgSYF2__BkfFGUR33_gfm69joNAmelompafGaxBHt6JNKLK_rqElZV_6Q6-WC_yq2hJAKDnFUCRomuE1ItZgpUj0Z7YDk_fdZysf0cDg16r5WMAEeaCCdGvPOF59IAYDXm1gbrTrpGQh2rV9-GI4WSz0JFfQnKMcj1fggoP9L6gv3h8N5ONw998gfZOQL4c40vatnGxDg5-j3jwvG_Yqj-sWCVOqM.aqkzsmTCmZ7GOPpRMuS-xu5rzILLJ4jOk0SYj0Ij3Dc&dib_tag=se&keywords=herb+lemon+balm&qid=1727110127&rdc=1&sr=8-35,$9.95,4.4 out of 5 stars,Positive,0.5754374999999999
MaryRuth Organics Lemon Balm Leaf | Vegan | Non-GMO | 1 Fl Oz,https://www.amazon.com/MaryRuths-Lemon-Balm-Vegan-Non-GMO/dp/B084QF3BKP/ref=sr_1_36?dib=eyJ2IjoiMSJ9.OEzgl3EE7ev9AUKnlzwzKJFQ0d5Vtjg3bPZ8XBBp5jCEnQhIINILUVSzy5EbvYta7RX8-KJeKmoZ5cEgSYF2__BkfFGUR33_gfm69joNAmelompafGaxBHt6JNKLK_rqElZV_6Q6-WC_yq2hJAKDnFUCRomuE1ItZgpUj0Z7YDk_fdZysf0cDg16r5WMAEeaCCdGvPOF59IAYDXm1gbrTrpGQh2rV9-GI4WSz0JFfQnKMcj1fggoP9L6gv3h8N5ONw998gfZOQL4c40vatnGxDg5-j3jwvG_Yqj-sWCVOqM.aqkzsmTCmZ7GOPpRMuS-xu5rzILLJ4jOk0SYj0Ij3Dc&dib_tag=se&keywords=herb+lemon+balm&qid=1727110127&sr=8-36,$19.95,4.6 out of 5 stars,Positive,0.46895000000000003
"HERBAMAMA Lemon Balm Tincture - Calm Support with Lemon Balm Leaf Extract - Vegan Melissa Officinalis Lemon Balm Drops - Alcohol & Sugar-Free, 28-Day Supply",https://www.amazon.com/HERBAMAMA-Lemon-Balm-Liquid-Extract/dp/B08BX8JDRC/ref=sr_1_37?dib=eyJ2IjoiMSJ9.OEzgl3EE7ev9AUKnlzwzKJFQ0d5Vtjg3bPZ8XBBp5jCEnQhIINILUVSzy5EbvYta7RX8-KJeKmoZ5cEgSYF2__BkfFGUR33_gfm69joNAmelompafGaxBHt6JNKLK_rqElZV_6Q6-WC_yq2hJAKDnFUCRomuE1ItZgpUj0Z7YDk_fdZysf0cDg16r5WMAEeaCCdGvPOF59IAYDXm1gbrTrpGQh2rV9-GI4WSz0JFfQnKMcj1fggoP9L6gv3h8N5ONw998gfZOQL4c40vatnGxDg5-j3jwvG_Yqj-sWCVOqM.aqkzsmTCmZ7GOPpRMuS-xu5rzILLJ4jOk0SYj0Ij3Dc&dib_tag=se&keywords=herb+lemon+balm&qid=1727110127&sr=8-37,$23.99,4.5 out of 5 stars,Highly Positive,0.72965
"Organic Lemon Balm Tea Loose Leaf - Dried Lemon Balm Herb (Melissa Officinalis) - Melissa Tea Organic Leaves, Te de Melissa o Toronjil Organico – Large Bag 10 oz (Makes 140 Cups)",https://www.amazon.com/sspa/click?ie=UTF8&spc=MToxNDM1MDI3NDQ4ODUwMjM0OjE3MjcxMTAxMjg6c3BfbXRmOjMwMDE3MTUyNzExOTQwMjo6MDo6&url=%2FLemon-Balm-Tea-Melissa-Toronjil%2Fdp%2FB0C83BTXH9%2Fref%3Dsr_1_38_sspa%3Fdib%3DeyJ2IjoiMSJ9.OEzgl3EE7ev9AUKnlzwzKJFQ0d5Vtjg3bPZ8XBBp5jCEnQhIINILUVSzy5EbvYta7RX8-KJeKmoZ5cEgSYF2__BkfFGUR33_gfm69joNAmelompafGaxBHt6JNKLK_rqElZV_6Q6-WC_yq2hJAKDnFUCRomuE1ItZgpUj0Z7YDk_fdZysf0cDg16r5WMAEeaCCdGvPOF59IAYDXm1gbrTrpGQh2rV9-GI4WSz0JFfQnKMcj1fggoP9L6gv3h8N5ONw998gfZOQL4c40vatnGxDg5-j3jwvG_Yqj-sWCVOqM.aqkzsmTCmZ7GOPpRMuS-xu5rzILLJ4jOk0SYj0Ij3Dc%26dib_tag%3Dse%26keywords%3Dherb%2Blemon%2Bbalm%26qid%3D1727110127%26sr%3D8-38-spons%26sp_csd%3Dd2lkZ2V0TmFtZT1zcF9tdGY%26psc%3D1,$18.99,4.5 out of 5 stars,Mixed,0.29586250000000003
HERBAMAMA Lemon Balm Gummies - Lemon Balm Supplements for Mood and Brain Support - Calming Gummies with Calm and Relaxing Formula - Lemon Balm Herb Melissa Officinalis - 60 Vegan Gummies,https://www.amazon.com/HERBAMAMA-Lemon-Balm-Gummies-Supplements/dp/B0BCP53NJ7/ref=sr_1_39?dib=eyJ2IjoiMSJ9.OEzgl3EE7ev9AUKnlzwzKJFQ0d5Vtjg3bPZ8XBBp5jCEnQhIINILUVSzy5EbvYta7RX8-KJeKmoZ5cEgSYF2__BkfFGUR33_gfm69joNAmelompafGaxBHt6JNKLK_rqElZV_6Q6-WC_yq2hJAKDnFUCRomuE1ItZgpUj0Z7YDk_fdZysf0cDg16r5WMAEeaCCdGvPOF59IAYDXm1gbrTrpGQh2rV9-GI4WSz0JFfQnKMcj1fggoP9L6gv3h8N5ONw998gfZOQL4c40vatnGxDg5-j3jwvG_Yqj-sWCVOqM.aqkzsmTCmZ7GOPpRMuS-xu5rzILLJ4jOk0SYj0Ij3Dc&dib_tag=se&keywords=herb+lemon+balm&qid=1727110127&sr=8-39,$18.99,4.2 out of 5 stars,Positive,0.6869125
"Vimergy USDA Organic Lemon Balm Extract, 115 Servings – Supports Calm and Relaxed Feeling– Relief from Occasional Nervous Tension – Alcohol-Free – Gluten Free, Non-GMO, Kosher, Vegan & Paleo (115 ml)",https://www.amazon.com/Vimergy-Lemon-Balm-115/dp/B07WVTY66F/ref=sr_1_40?dib=eyJ2IjoiMSJ9.OEzgl3EE7ev9AUKnlzwzKJFQ0d5Vtjg3bPZ8XBBp5jCEnQhIINILUVSzy5EbvYta7RX8-KJeKmoZ5cEgSYF2__BkfFGUR33_gfm69joNAmelompafGaxBHt6JNKLK_rqElZV_6Q6-WC_yq2hJAKDnFUCRomuE1ItZgpUj0Z7YDk_fdZysf0cDg16r5WMAEeaCCdGvPOF59IAYDXm1gbrTrpGQh2rV9-GI4WSz0JFfQnKMcj1fggoP9L6gv3h8N5ONw998gfZOQL4c40vatnGxDg5-j3jwvG_Yqj-sWCVOqM.aqkzsmTCmZ7GOPpRMuS-xu5rzILLJ4jOk0SYj0Ij3Dc&dib_tag=se&keywords=herb+lemon+balm&qid=1727110127&sr=8-40,$40.50,4.7 out of 5 stars,Mixed,0.2963
"The Tao of Tea Lemon Balm, 100% Organic Herbal Tea, 1-Pounds",https://www.amazon.com/Tao-Tea-Organic-Herbal-1-Pounds/dp/B004V6PYRS/ref=sr_1_41?dib=eyJ2IjoiMSJ9.OEzgl3EE7ev9AUKnlzwzKJFQ0d5Vtjg3bPZ8XBBp5jCEnQhIINILUVSzy5EbvYta7RX8-KJeKmoZ5cEgSYF2__BkfFGUR33_gfm69joNAmelompafGaxBHt6JNKLK_rqElZV_6Q6-WC_yq2hJAKDnFUCRomuE1ItZgpUj0Z7YDk_fdZysf0cDg16r5WMAEeaCCdGvPOF59IAYDXm1gbrTrpGQh2rV9-GI4WSz0JFfQnKMcj1fggoP9L6gv3h8N5ONw998gfZOQL4c40vatnGxDg5-j3jwvG_Yqj-sWCVOqM.aqkzsmTCmZ7GOPpRMuS-xu5rzILLJ4jOk0SYj0Ij3Dc&dib_tag=se&keywords=herb+lemon+balm&qid=1727110127&sr=8-41,$29.15,4.5 out of 5 stars,Highly Positive,0.7029375
"Paradise Herbs Lemon Balm Extract, Super Potent, Ultra Pure, Vegan, Non GMO, Gluten Free, 60 Vegetraian Capsules",https://www.amazon.com/Paradise-Herbs-Balm-Vegetarian-Capsules/dp/B009LAMSIC/ref=sr_1_42?dib=eyJ2IjoiMSJ9.OEzgl3EE7ev9AUKnlzwzKJFQ0d5Vtjg3bPZ8XBBp5jCEnQhIINILUVSzy5EbvYta7RX8-KJeKmoZ5cEgSYF2__BkfFGUR33_gfm69joNAmelompafGaxBHt6JNKLK_rqElZV_6Q6-WC_yq2hJAKDnFUCRomuE1ItZgpUj0Z7YDk_fdZysf0cDg16r5WMAEeaCCdGvPOF59IAYDXm1gbrTrpGQh2rV9-GI4WSz0JFfQnKMcj1fggoP9L6gv3h8N5ONw998gfZOQL4c40vatnGxDg5-j3jwvG_Yqj-sWCVOqM.aqkzsmTCmZ7GOPpRMuS-xu5rzILLJ4jOk0SYj0Ij3Dc&dib_tag=se&keywords=herb+lemon+balm&qid=1727110127&sr=8-42,$18.99,4.4 out of 5 stars,Mixed,0.29453750000000006
Lemon Balm - Melissa officinalis Dried Loose Leaf by Nature Tea (2 oz),https://www.amazon.com/Organic-Lemon-Balm-Melissa-officinalis/dp/B00N1WID58/ref=sr_1_43?dib=eyJ2IjoiMSJ9.OEzgl3EE7ev9AUKnlzwzKJFQ0d5Vtjg3bPZ8XBBp5jCEnQhIINILUVSzy5EbvYta7RX8-KJeKmoZ5cEgSYF2__BkfFGUR33_gfm69joNAmelompafGaxBHt6JNKLK_rqElZV_6Q6-WC_yq2hJAKDnFUCRomuE1ItZgpUj0Z7YDk_fdZysf0cDg16r5WMAEeaCCdGvPOF59IAYDXm1gbrTrpGQh2rV9-GI4WSz0JFfQnKMcj1fggoP9L6gv3h8N5ONw998gfZOQL4c40vatnGxDg5-j3jwvG_Yqj-sWCVOqM.aqkzsmTCmZ7GOPpRMuS-xu5rzILLJ4jOk0SYj0Ij3Dc&dib_tag=se&keywords=herb+lemon+balm&qid=1727110127&sr=8-43,$9.95,4.7 out of 5 stars,Highly Positive,0.891325
"Zazzee Organic Lemon Balm 10:1 Extract, 3000 mg Strength per Capsule, 180 Vegan Capsules, 6 Month Supply, Standardized and Concentrated 10X Extract, 100% Vegetarian, All-Natural and Non-GMO",https://www.amazon.com/Zazzee-Organic-Extract-Capsules-Strength/dp/B07TWHNZWT/ref=sr_1_44?dib=eyJ2IjoiMSJ9.OEzgl3EE7ev9AUKnlzwzKJFQ0d5Vtjg3bPZ8XBBp5jCEnQhIINILUVSzy5EbvYta7RX8-KJeKmoZ5cEgSYF2__BkfFGUR33_gfm69joNAmelompafGaxBHt6JNKLK_rqElZV_6Q6-WC_yq2hJAKDnFUCRomuE1ItZgpUj0Z7YDk_fdZysf0cDg16r5WMAEeaCCdGvPOF59IAYDXm1gbrTrpGQh2rV9-GI4WSz0JFfQnKMcj1fggoP9L6gv3h8N5ONw998gfZOQL4c40vatnGxDg5-j3jwvG_Yqj-sWCVOqM.aqkzsmTCmZ7GOPpRMuS-xu5rzILLJ4jOk0SYj0Ij3Dc&dib_tag=se&keywords=herb+lemon+balm&qid=1727110127&rdc=1&sr=8-44,$19.97,4.4 out of 5 stars,Positive,0.33415
"Bronson Melissa Lemon Balm Extra Strength, Non-GMO, 120 Vegetarian Capsules",https://www.amazon.com/Bronson-Melissa-Strength-Vegetarian-Capsules/dp/B0CDM932PL/ref=sr_1_45?dib=eyJ2IjoiMSJ9.OEzgl3EE7ev9AUKnlzwzKJFQ0d5Vtjg3bPZ8XBBp5jCEnQhIINILUVSzy5EbvYta7RX8-KJeKmoZ5cEgSYF2__BkfFGUR33_gfm69joNAmelompafGaxBHt6JNKLK_rqElZV_6Q6-WC_yq2hJAKDnFUCRomuE1ItZgpUj0Z7YDk_fdZysf0cDg16r5WMAEeaCCdGvPOF59IAYDXm1gbrTrpGQh2rV9-GI4WSz0JFfQnKMcj1fggoP9L6gv3h8N5ONw998gfZOQL4c40vatnGxDg5-j3jwvG_Yqj-sWCVOqM.aqkzsmTCmZ7GOPpRMuS-xu5rzILLJ4jOk0SYj0Ij3Dc&dib_tag=se&keywords=herb+lemon+balm&qid=1727110127&sr=8-45,$9.99,4.4 out of 5 stars,Positive,0.4529666666666667
"Oregon's Wild Harvest Certified Organic Lemon Balm Herbal Supplement 1125 MGS, 180 Count",https://www.amazon.com/Oregons-Wild-Harvest-Certified-Supplement/dp/B08CX6CBBN/ref=sr_1_46?dib=eyJ2IjoiMSJ9.OEzgl3EE7ev9AUKnlzwzKJFQ0d5Vtjg3bPZ8XBBp5jCEnQhIINILUVSzy5EbvYta7RX8-KJeKmoZ5cEgSYF2__BkfFGUR33_gfm69joNAmelompafGaxBHt6JNKLK_rqElZV_6Q6-WC_yq2hJAKDnFUCRomuE1ItZgpUj0Z7YDk_fdZysf0cDg16r5WMAEeaCCdGvPOF59IAYDXm1gbrTrpGQh2rV9-GI4WSz0JFfQnKMcj1fggoP9L6gv3h8N5ONw998gfZOQL4c40vatnGxDg5-j3jwvG_Yqj-sWCVOqM.aqkzsmTCmZ7GOPpRMuS-xu5rzILLJ4jOk0SYj0Ij3Dc&dib_tag=se&keywords=herb+lemon+balm&qid=1727110127&sr=8-46,$24.71,4.6 out of 5 stars,Positive,0.6798000000000001
Sweet Yards Seed Co. Organic Lemon Balm – Two Seed Packets! – Approx. 700 Open Pollinated Non-GMO Herb Seeds,https://www.amazon.com/Sweet-Yards-Seed-Co-Organic/dp/B088D2LP9H/ref=sr_1_47?dib=eyJ2IjoiMSJ9.OEzgl3EE7ev9AUKnlzwzKJFQ0d5Vtjg3bPZ8XBBp5jCEnQhIINILUVSzy5EbvYta7RX8-KJeKmoZ5cEgSYF2__BkfFGUR33_gfm69joNAmelompafGaxBHt6JNKLK_rqElZV_6Q6-WC_yq2hJAKDnFUCRomuE1ItZgpUj0Z7YDk_fdZysf0cDg16r5WMAEeaCCdGvPOF59IAYDXm1gbrTrpGQh2rV9-GI4WSz0JFfQnKMcj1fggoP9L6gv3h8N5ONw998gfZOQL4c40vatnGxDg5-j3jwvG_Yqj-sWCVOqM.aqkzsmTCmZ7GOPpRMuS-xu5rzILLJ4jOk0SYj0Ij3Dc&dib_tag=se&keywords=herb+lemon+balm&qid=1727110127&sr=8-47,$5.99,4.5 out of 5 stars,Mixed,0.20634000000000002
"HANDPICK, Lemon Balm Tea Bags (100 Herbal Tea Bags) Melissa Tea - Caffeine-Free, Citrus Flavor & Aroma | Pure Ingredients - Lemon Balm Leaves | Brew Pure Lemon Balm Tea",https://www.amazon.com/HANDPICK-Herbal-Caffeine-Free-Citrus-Natural/dp/B0BB1LXSPN/ref=sr_1_48?dib=eyJ2IjoiMSJ9.OEzgl3EE7ev9AUKnlzwzKJFQ0d5Vtjg3bPZ8XBBp5jCEnQhIINILUVSzy5EbvYta7RX8-KJeKmoZ5cEgSYF2__BkfFGUR33_gfm69joNAmelompafGaxBHt6JNKLK_rqElZV_6Q6-WC_yq2hJAKDnFUCRomuE1ItZgpUj0Z7YDk_fdZysf0cDg16r5WMAEeaCCdGvPOF59IAYDXm1gbrTrpGQh2rV9-GI4WSz0JFfQnKMcj1fggoP9L6gv3h8N5ONw998gfZOQL4c40vatnGxDg5-j3jwvG_Yqj-sWCVOqM.aqkzsmTCmZ7GOPpRMuS-xu5rzILLJ4jOk0SYj0Ij3Dc&dib_tag=se&keywords=herb+lemon+balm&qid=1727110127&sr=8-48,$14.99,4.4 out of 5 stars,Highly Positive,0.8404999999999999
"Traditional Medicinals Tea, Organic Lemon Balm, Calms Nerves & Supports Digestion, 16 Tea Bags",https://www.amazon.com/Traditional-Medicinals-Organic-Lemon-Balm/dp/B0089VPTZ8/ref=sr_1_49_f3_0o_wf?dib=eyJ2IjoiMSJ9.OEzgl3EE7ev9AUKnlzwzKJFQ0d5Vtjg3bPZ8XBBp5jCEnQhIINILUVSzy5EbvYta7RX8-KJeKmoZ5cEgSYF2__BkfFGUR33_gfm69joNAmelompafGaxBHt6JNKLK_rqElZV_6Q6-WC_yq2hJAKDnFUCRomuE1ItZgpUj0Z7YDk_fdZysf0cDg16r5WMAEeaCCdGvPOF59IAYDXm1gbrTrpGQh2rV9-GI4WSz0JFfQnKMcj1fggoP9L6gv3h8N5ONw998gfZOQL4c40vatnGxDg5-j3jwvG_Yqj-sWCVOqM.aqkzsmTCmZ7GOPpRMuS-xu5rzILLJ4jOk0SYj0Ij3Dc&dib_tag=se&keywords=herb+lemon+balm&qid=1727110127&sr=8-49,$5.99,4.7 out of 5 stars,Positive,0.6161461538461537
"Elire - Organic Lemon Balm Extract – Mood and Digestive Support – Promotes Calm and Relaxed Feeling - Alcohol-Free - Vegan, Non-GMO and Gluten Free - 30ml",https://www.amazon.com/Elire-Organic-Digestive-Promotes-Alcohol-Free/dp/B0DCZ1DX8Y/ref=sr_1_50?dib=eyJ2IjoiMSJ9.OEzgl3EE7ev9AUKnlzwzKJFQ0d5Vtjg3bPZ8XBBp5jCEnQhIINILUVSzy5EbvYta7RX8-KJeKmoZ5cEgSYF2__BkfFGUR33_gfm69joNAmelompafGaxBHt6JNKLK_rqElZV_6Q6-WC_yq2hJAKDnFUCRomuE1ItZgpUj0Z7YDk_fdZysf0cDg16r5WMAEeaCCdGvPOF59IAYDXm1gbrTrpGQh2rV9-GI4WSz0JFfQnKMcj1fggoP9L6gv3h8N5ONw998gfZOQL4c40vatnGxDg5-j3jwvG_Yqj-sWCVOqM.aqkzsmTCmZ7GOPpRMuS-xu5rzILLJ4jOk0SYj0Ij3Dc&dib_tag=se&keywords=herb+lemon+balm&qid=1727110127&sr=8-50,$29.99,5.0 out of 5 stars,Positive,0.6628875
Lemon Balm Organic Loose Leaf - Sweet Lemony - Dried Mellisa Officinialis - Organic Lemon Balm Tea Lemonbalm Tea Lemin Lemon Leaves Lemon Balm Loose Tea Lemon Balm Leaves Loose Leaf Lemon Balm,https://www.amazon.com/Lemon-Balm-Organic-Loose-Leaf/dp/B07Y6DJPQ4/ref=sr_1_51?dib=eyJ2IjoiMSJ9.OEzgl3EE7ev9AUKnlzwzKJFQ0d5Vtjg3bPZ8XBBp5jCEnQhIINILUVSzy5EbvYta7RX8-KJeKmoZ5cEgSYF2__BkfFGUR33_gfm69joNAmelompafGaxBHt6JNKLK_rqElZV_6Q6-WC_yq2hJAKDnFUCRomuE1ItZgpUj0Z7YDk_fdZysf0cDg16r5WMAEeaCCdGvPOF59IAYDXm1gbrTrpGQh2rV9-GI4WSz0JFfQnKMcj1fggoP9L6gv3h8N5ONw998gfZOQL4c40vatnGxDg5-j3jwvG_Yqj-sWCVOqM.aqkzsmTCmZ7GOPpRMuS-xu5rzILLJ4jOk0SYj0Ij3Dc&dib_tag=se&keywords=herb+lemon+balm&qid=1727110127&sr=8-51,$14.97,4.4 out of 5 stars,Positive,0.44558461538461536
Organic Lemon Balm Tea - Caffeine Free Loose Leaf Herbal Tea - Pharmacopoeia Potency - 25 Servings,https://www.amazon.com/Organic-Lemon-Balm-Tea-Pharmacopoeia/dp/B0D45YZ86N/ref=sr_1_52?dib=eyJ2IjoiMSJ9.OEzgl3EE7ev9AUKnlzwzKJFQ0d5Vtjg3bPZ8XBBp5jCEnQhIINILUVSzy5EbvYta7RX8-KJeKmoZ5cEgSYF2__BkfFGUR33_gfm69joNAmelompafGaxBHt6JNKLK_rqElZV_6Q6-WC_yq2hJAKDnFUCRomuE1ItZgpUj0Z7YDk_fdZysf0cDg16r5WMAEeaCCdGvPOF59IAYDXm1gbrTrpGQh2rV9-GI4WSz0JFfQnKMcj1fggoP9L6gv3h8N5ONw998gfZOQL4c40vatnGxDg5-j3jwvG_Yqj-sWCVOqM.aqkzsmTCmZ7GOPpRMuS-xu5rzILLJ4jOk0SYj0Ij3Dc&dib_tag=se&keywords=herb+lemon+balm&qid=1727110127&sr=8-52,$12.69,4.5 out of 5 stars,Positive,0.4424
"USDA Organic Lemon Balm Tincture. Liquid Organic Lemon Balm Oil Drops Supplement for Relaxation, Calm, Digestion. Vegan Leaf Extract. Zero Sugar, Gluten Free Supplements for Women and Men",https://www.amazon.com/Tincture-Supplement-Relaxation-Digestion-Supplements/dp/B0C48116M3/ref=sr_1_53?dib=eyJ2IjoiMSJ9.OEzgl3EE7ev9AUKnlzwzKJFQ0d5Vtjg3bPZ8XBBp5jCEnQhIINILUVSzy5EbvYta7RX8-KJeKmoZ5cEgSYF2__BkfFGUR33_gfm69joNAmelompafGaxBHt6JNKLK_rqElZV_6Q6-WC_yq2hJAKDnFUCRomuE1ItZgpUj0Z7YDk_fdZysf0cDg16r5WMAEeaCCdGvPOF59IAYDXm1gbrTrpGQh2rV9-GI4WSz0JFfQnKMcj1fggoP9L6gv3h8N5ONw998gfZOQL4c40vatnGxDg5-j3jwvG_Yqj-sWCVOqM.aqkzsmTCmZ7GOPpRMuS-xu5rzILLJ4jOk0SYj0Ij3Dc&dib_tag=se&keywords=herb+lemon+balm&qid=1727110127&rdc=1&sr=8-53,$17.95,4.1 out of 5 stars,Positive,0.5165
Organic Bio Herbs-Organic Dried Lemon Balm Leaves (Melissa Officinalis) 4 Oz.,https://www.amazon.com/Organic-Bio-Herbs-Organic-Melissa-Officinalis/dp/B017RI6QKK/ref=sr_1_54?dib=eyJ2IjoiMSJ9.OEzgl3EE7ev9AUKnlzwzKJFQ0d5Vtjg3bPZ8XBBp5jCEnQhIINILUVSzy5EbvYta7RX8-KJeKmoZ5cEgSYF2__BkfFGUR33_gfm69joNAmelompafGaxBHt6JNKLK_rqElZV_6Q6-WC_yq2hJAKDnFUCRomuE1ItZgpUj0Z7YDk_fdZysf0cDg16r5WMAEeaCCdGvPOF59IAYDXm1gbrTrpGQh2rV9-GI4WSz0JFfQnKMcj1fggoP9L6gv3h8N5ONw998gfZOQL4c40vatnGxDg5-j3jwvG_Yqj-sWCVOqM.aqkzsmTCmZ7GOPpRMuS-xu5rzILLJ4jOk0SYj0Ij3Dc&dib_tag=se&keywords=herb+lemon+balm&qid=1727110127&sr=8-54,$15.49,4.1 out of 5 stars,Positive,0.52625
"Biokoma Pure and Organic Lemon Balm (Melissae folium) Dried Leaves 50g (1.76oz) In Resealable Moisture Proof Pouch, USDA Certified Organic - Herbal Tea, No Additives, No Preservatives, No GMO, Kosher",https://www.amazon.com/sspa/click?ie=UTF8&spc=MToxNDM1MDI3NDQ4ODUwMjM0OjE3MjcxMTAxMjg6c3BfYnRmOjMwMDA1MzM5NzE3NDMwMjo6MDo6&url=%2FNatural-Biokoma-Leaves-Resealable-Moisture%2Fdp%2FB07BYF9VVW%2Fref%3Dsr_1_55_sspa%3Fdib%3DeyJ2IjoiMSJ9.OEzgl3EE7ev9AUKnlzwzKJFQ0d5Vtjg3bPZ8XBBp5jCEnQhIINILUVSzy5EbvYta7RX8-KJeKmoZ5cEgSYF2__BkfFGUR33_gfm69joNAmelompafGaxBHt6JNKLK_rqElZV_6Q6-WC_yq2hJAKDnFUCRomuE1ItZgpUj0Z7YDk_fdZysf0cDg16r5WMAEeaCCdGvPOF59IAYDXm1gbrTrpGQh2rV9-GI4WSz0JFfQnKMcj1fggoP9L6gv3h8N5ONw998gfZOQL4c40vatnGxDg5-j3jwvG_Yqj-sWCVOqM.aqkzsmTCmZ7GOPpRMuS-xu5rzILLJ4jOk0SYj0Ij3Dc%26dib_tag%3Dse%26keywords%3Dherb%2Blemon%2Bbalm%26qid%3D1727110127%26sr%3D8-55-spons%26sp_csd%3Dd2lkZ2V0TmFtZT1zcF9idGY%26psc%3D1,$14.99,4.4 out of 5 stars,Mixed,0.21918749999999998
Lemon Balm Gummies - Vegan Calmness Support - Lemon Balm Herbal Extract 1500 mg Strength - 60 Vegan Gummies for Adults - Gelatine-Free,https://www.amazon.com/sspa/click?ie=UTF8&spc=MToxNDM1MDI3NDQ4ODUwMjM0OjE3MjcxMTAxMjg6c3BfYnRmOjMwMDM0NTU2MzQwMTkwMjo6MDo6&url=%2FMAUWE-HERBS-Lemon-Balm-Gummies%2Fdp%2FB0BCJ4DLHF%2Fref%3Dsr_1_56_sspa%3Fdib%3DeyJ2IjoiMSJ9.OEzgl3EE7ev9AUKnlzwzKJFQ0d5Vtjg3bPZ8XBBp5jCEnQhIINILUVSzy5EbvYta7RX8-KJeKmoZ5cEgSYF2__BkfFGUR33_gfm69joNAmelompafGaxBHt6JNKLK_rqElZV_6Q6-WC_yq2hJAKDnFUCRomuE1ItZgpUj0Z7YDk_fdZysf0cDg16r5WMAEeaCCdGvPOF59IAYDXm1gbrTrpGQh2rV9-GI4WSz0JFfQnKMcj1fggoP9L6gv3h8N5ONw998gfZOQL4c40vatnGxDg5-j3jwvG_Yqj-sWCVOqM.aqkzsmTCmZ7GOPpRMuS-xu5rzILLJ4jOk0SYj0Ij3Dc%26dib_tag%3Dse%26keywords%3Dherb%2Blemon%2Bbalm%26qid%3D1727110127%26sr%3D8-56-spons%26sp_csd%3Dd2lkZ2V0TmFtZT1zcF9idGY%26psc%3D1,$13.99,4.3 out of 5 stars,Positive,0.6007625
"Lemon Balm (Herbal Tea): (Melissa Officinalis Caffeine Free) - Balm Leaf (Cut and Sifted), 1lb (16Oz) U.S. Wellness Bulk Tea",https://www.amazon.com/sspa/click?ie=UTF8&spc=MToxNDM1MDI3NDQ4ODUwMjM0OjE3MjcxMTAxMjg6c3BfYnRmOjIwMDAwMjY1OTI4ODE1MTo6MDo6&url=%2FLemon-Balm-Tea-Bulk-Herbal%2Fdp%2FB01F45DZUC%2Fref%3Dsr_1_57_sspa%3Fdib%3DeyJ2IjoiMSJ9.OEzgl3EE7ev9AUKnlzwzKJFQ0d5Vtjg3bPZ8XBBp5jCEnQhIINILUVSzy5EbvYta7RX8-KJeKmoZ5cEgSYF2__BkfFGUR33_gfm69joNAmelompafGaxBHt6JNKLK_rqElZV_6Q6-WC_yq2hJAKDnFUCRomuE1ItZgpUj0Z7YDk_fdZysf0cDg16r5WMAEeaCCdGvPOF59IAYDXm1gbrTrpGQh2rV9-GI4WSz0JFfQnKMcj1fggoP9L6gv3h8N5ONw998gfZOQL4c40vatnGxDg5-j3jwvG_Yqj-sWCVOqM.aqkzsmTCmZ7GOPpRMuS-xu5rzILLJ4jOk0SYj0Ij3Dc%26dib_tag%3Dse%26keywords%3Dherb%2Blemon%2Bbalm%26qid%3D1727110127%26sr%3D8-57-spons%26sp_csd%3Dd2lkZ2V0TmFtZT1zcF9idGY%26psc%3D1,$22.99,4.6 out of 5 stars,Positive,0.6763166666666667
"Zazzee Organic Lemon Balm 10:1 Extract, 3000 mg Strength per Capsule, 180 Vegan Capsules, 6 Month Supply, Standardized and Concentrated 10X Extract, 100% Vegetarian, All-Natural and Non-GMO",https://www.amazon.com/sspa/click?ie=UTF8&spc=MToxNDM1MDI3NDQ4ODUwMjM0OjE3MjcxMTAxMjg6c3BfYnRmOjMwMDAyNDc1NDcyOTAwMjo6MDo6&url=%2FZazzee-Organic-Extract-Capsules-Strength%2Fdp%2FB07TWHNZWT%2Fref%3Dsr_1_58_sspa%3Fdib%3DeyJ2IjoiMSJ9.OEzgl3EE7ev9AUKnlzwzKJFQ0d5Vtjg3bPZ8XBBp5jCEnQhIINILUVSzy5EbvYta7RX8-KJeKmoZ5cEgSYF2__BkfFGUR33_gfm69joNAmelompafGaxBHt6JNKLK_rqElZV_6Q6-WC_yq2hJAKDnFUCRomuE1ItZgpUj0Z7YDk_fdZysf0cDg16r5WMAEeaCCdGvPOF59IAYDXm1gbrTrpGQh2rV9-GI4WSz0JFfQnKMcj1fggoP9L6gv3h8N5ONw998gfZOQL4c40vatnGxDg5-j3jwvG_Yqj-sWCVOqM.aqkzsmTCmZ7GOPpRMuS-xu5rzILLJ4jOk0SYj0Ij3Dc%26dib_tag%3Dse%26keywords%3Dherb%2Blemon%2Bbalm%26qid%3D1727110127%26rdc%3D1%26sr%3D8-58-spons%26sp_csd%3Dd2lkZ2V0TmFtZT1zcF9idGY%26psc%3D1,$19.97,4.4 out of 5 stars,Positive,0.33415
Lemon Balm Leaf Extract - Vegan Lemon Balm Drops - Melissa Lemon Balm Tincture for Calmness Support - Sugar & Alcohol-Free Lemon Balm Extract 2 Fl. Oz.,https://www.amazon.com/sspa/click?ie=UTF8&spc=MToxNDM1MDI3NDQ4ODUwMjM0OjE3MjcxMTAxMjg6c3BfYnRmOjIwMDEyNzk2ODA1NjQ5ODo6MDo6&url=%2FLemon-Balm-Tincture-Officinalis-Cognition%2Fdp%2FB07MK3VF3Q%2Fref%3Dsr_1_59_sspa%3Fdib%3DeyJ2IjoiMSJ9.OEzgl3EE7ev9AUKnlzwzKJFQ0d5Vtjg3bPZ8XBBp5jCEnQhIINILUVSzy5EbvYta7RX8-KJeKmoZ5cEgSYF2__BkfFGUR33_gfm69joNAmelompafGaxBHt6JNKLK_rqElZV_6Q6-WC_yq2hJAKDnFUCRomuE1ItZgpUj0Z7YDk_fdZysf0cDg16r5WMAEeaCCdGvPOF59IAYDXm1gbrTrpGQh2rV9-GI4WSz0JFfQnKMcj1fggoP9L6gv3h8N5ONw998gfZOQL4c40vatnGxDg5-j3jwvG_Yqj-sWCVOqM.aqkzsmTCmZ7GOPpRMuS-xu5rzILLJ4jOk0SYj0Ij3Dc%26dib_tag%3Dse%26keywords%3Dherb%2Blemon%2Bbalm%26qid%3D1727110127%26sr%3D8-59-spons%26sp_csd%3Dd2lkZ2V0TmFtZT1zcF9idGY%26psc%3D1,$11.99,4.4 out of 5 stars,Positive,0.6066874999999999
"Organic Lemon Balm Tincture, Supports Calmness and Relaxation, Alcohol Free, Vegan - 2 Fl Oz",https://www.amazon.com/sspa/click?ie=UTF8&spc=MToxNDM1MDI3NDQ4ODUwMjM0OjE3MjcxMTAxMjg6c3BfYnRmOjMwMDE5OTc2MDQ2OTcwMjo6MDo6&url=%2FPura-Herba-Tincture-Supports-Relaxation%2Fdp%2FB0CTXLPKRD%2Fref%3Dsr_1_60_sspa%3Fdib%3DeyJ2IjoiMSJ9.OEzgl3EE7ev9AUKnlzwzKJFQ0d5Vtjg3bPZ8XBBp5jCEnQhIINILUVSzy5EbvYta7RX8-KJeKmoZ5cEgSYF2__BkfFGUR33_gfm69joNAmelompafGaxBHt6JNKLK_rqElZV_6Q6-WC_yq2hJAKDnFUCRomuE1ItZgpUj0Z7YDk_fdZysf0cDg16r5WMAEeaCCdGvPOF59IAYDXm1gbrTrpGQh2rV9-GI4WSz0JFfQnKMcj1fggoP9L6gv3h8N5ONw998gfZOQL4c40vatnGxDg5-j3jwvG_Yqj-sWCVOqM.aqkzsmTCmZ7GOPpRMuS-xu5rzILLJ4jOk0SYj0Ij3Dc%26dib_tag%3Dse%26keywords%3Dherb%2Blemon%2Bbalm%26qid%3D1727110127%26sr%3D8-60-spons%26sp_csd%3Dd2lkZ2V0TmFtZT1zcF9idGY%26psc%3D1,$17.99,4.6 out of 5 stars,Highly Positive,0.8741749999999999
